<?xml version="1.0" encoding="UTF-8"?>
<beans xmlns="http://www.springframework.org/schema/beans"
	xmlns:xsi="http://www.w3.org/2001/XMLSchema-instance" xmlns:jaxws="http://cxf.apache.org/jaxws"
	xmlns:context="http://www.springframework.org/schema/context"
	xsi:schemaLocation="
		http://www.springframework.org/schema/beans http://www.springframework.org/schema/beans/spring-beans.xsd
        http://www.springframework.org/schema/context http://www.springframework.org/schema/context/spring-context.xsd
        http://cxf.apache.org/jaxws http://cxf.apache.org/schemas/jaxws.xsd">

	<!-- Import CXF configuration -->
	<import resource="classpath:META-INF/cxf/cxf.xml" />

	<context:component-scan base-package="au.edu.unsw.soacourse.controller"></context:component-scan>

	<!-- Spring MVC view resolver -->
	<bean id="viewResolver"
		class="org.springframework.web.servlet.view.UrlBasedViewResolver">
		<property name="viewClass"
			value="org.springframework.web.servlet.view.JstlView" />
		<property name="prefix" value="/WEB-INF/jsp/" />
		<property name="suffix" value=".jsp" />
	</bean>

	<!-- CXF JAX-WS Client bean definition. -->
	<jaxws:client id="autocheck"
		address="http://localhost:6060/ode/processes/BackgroundCheckService"
		serviceClass="au.edu.unsw.soacourse.backgroundcheck.BackgroundCheckServicePortType">
	</jaxws:client>

</beans>